名称,英文名,评分,评论数,图片 URL
上海迪士尼度假区,Shanghai Disney Resort,4.7,243729,https://dimg04.c-ctrip.com/images/1lo2p12000gj5gxxn05A7_C_320_320.jpg
上海野生动物园,Shanghai Wild Animal Park,4.7,103504,https://dimg04.c-ctrip.com/images/0101f12000acizecb31EF_C_320_320.jpg
上海海昌海洋公园,Shanghai Haichang Ocean Park,4.5,41081,https://dimg04.c-ctrip.com/images/1lo0f12000ggbt9yc5834_C_320_320.png
上海博物馆,Shanghai Museum,4.7,4164,https://dimg04.c-ctrip.com/images/0103x1200042pw7745DC1_C_320_320.jpg
外滩,The Bund,4.8,152323,https://dimg04.c-ctrip.com/images/10040m000000dht6p0F19_C_320_320.jpg
东方明珠,Oriental Pearl Radio & Television Tower,4.7,149939,https://dimg04.c-ctrip.com/images/010691200097uy8rk36FE_C_320_320.jpg
豫园,Yu Garden,4.7,47219,https://dimg04.c-ctrip.com/images/0103v12000f9ug057967E_C_320_320.jpg
南京路步行街,Nanjing Road Pedestrian Street,4.7,43648,https://dimg04.c-ctrip.com/images/0106u120008c3zeiy8417_C_320_320.jpg
上海海洋水族馆,Shanghai Ocean Aquarium,4.6,43546,https://dimg04.c-ctrip.com/images/tg/357/014/064/84e04a5ad7774a59a5f88b5864499a1b_C_320_320.jpg
上海科技馆,Shanghai Science and Technology Museum,4.7,33146,https://dimg04.c-ctrip.com/images/0105g1200087d6lidB450_C_320_320.jpg
迪士尼小镇,Disney Town,4.8,24463,https://dimg04.c-ctrip.com/images/100v0z000000nmk4q9783_C_320_320.jpg
上海欢乐谷,Shanghai Happy Valley,4.7,24310,https://dimg04.c-ctrip.com/images/1lo4g12000azkw5ig3875_C_320_320.jpg
上海薰衣草公园,Shanghai Lavender Park,4.7,18977,https://dimg04.c-ctrip.com/images/1lo6712000azkkjdcD5AE_C_320_320.jpg
上海环球金融中心,Shanghai World Financial Center,4.7,18068,https://dimg04.c-ctrip.com/images/0100j120008tw8io4017B_C_320_320.jpg
迪士尼朋友见面处,Meet Minnie Mouse And Friends At Mickey Avenue,4.8,15208,https://dimg04.c-ctrip.com/images/0103y120008fy96t6EDA2_C_320_320.jpg
上海动物园,Shanghai Zoo,4.7,14947,https://dimg04.c-ctrip.com/images/0102y120009j4hethC8A2_C_320_320.jpg
红皇后御花园,Red Queen Imperial Garden,4.8,14097,https://dimg04.c-ctrip.com/images/01062120009o7oxsuF3A2_C_320_320.jpg
陆家嘴中心绿地,Lujiazui Central Greenland,4.7,12891,https://dimg04.c-ctrip.com/images/01A0f120008omdcauCEFD_C_320_320.jpg
威尼斯小镇,Venice Town,4.7,12737,https://dimg04.c-ctrip.com/images/100s0z000000ns8d36D9B_C_320_320.jpg
上海杜莎夫人蜡像馆,Madame Tussauds Shanghai,4.5,13098,https://dimg04.c-ctrip.com/images/1lo6y12000dmrix531CB7_C_320_320.jpg
上海之巅观光厅,Top of Shanghai Observatory,4.6,12807,https://dimg04.c-ctrip.com/images/10070d0000006wasz1009_C_320_320.jpg
上海玛雅海滩水公园,Shanghai Playa Maya Water Park,4.6,12502,https://dimg04.c-ctrip.com/images/01027120008ntdg0wEA56_C_320_320.jpg
世纪公园,Century Park,4.8,10847,https://dimg04.c-ctrip.com/images/100q12000000rozj9E4F5_C_320_320.jpg
黄浦江游览(十六铺码头),Huangpu River Cruise(Shiliupu Pier),4.6,11031,https://dimg04.c-ctrip.com/images/35091e000001ey01xBB09_C_320_320.jpg
人民广场,People's Square,4.7,10091,https://dimg04.c-ctrip.com/images/100h1f000001gruggD1C5_C_320_320.jpg
上海自然博物馆,Shanghai Natural History Museum,4.8,8734,https://dimg04.c-ctrip.com/images/1A0i11000000qe9tl9638_C_320_320.jpg
城隍庙旅游区,The City Temple of Shanghai,4.7,8502,https://dimg04.c-ctrip.com/images/100l1f000001gqi1p4B80_C_320_320.jpg
上海长风海洋世界,Shanghai Chang Feng Ocean World,4.3,7587,https://dimg04.c-ctrip.com/images/100813000000tyjewCFB5_C_320_320.jpg
金茂大厦,Jin Mao Tower,4.7,6825,https://dimg04.c-ctrip.com/images/010691200083ix667DB18_C_320_320.jpg
上海影视乐园,Shanghai Film Park,4.3,7136,https://dimg04.c-ctrip.com/images/1lo2012000e144ux27244_C_320_320.jpg
磁浮列车,Shanghai Maglev Train,4.8,6137,https://dimg04.c-ctrip.com/images/10051f000001gstmz0A34_C_320_320.jpg
顾村公园,Gucun Park,4.6,6192,https://dimg04.c-ctrip.com/images/100n0z000000ni777D3EE_C_320_320.jpg
广富林文化遗址,Guangfulin Relics Park,4.6,5804,https://dimg04.c-ctrip.com/images/10040t000000inke79FDC_C_320_320.jpg
上海中心大厦,Shanghai Tower,4.5,5440,https://dimg04.c-ctrip.com/images/0102t12000855umt4AC27_C_320_320.jpg
锦江乐园,Jinjiang Action Park,4.4,5543,https://dimg04.c-ctrip.com/images/10071f000001h6wlz30A3_C_320_320.jpg
上海天文馆,Shanghai Astronomy Museum,4.9,4823,https://dimg04.c-ctrip.com/images/01069120009ze52fdA92D_C_320_320.jpg
上海汽车博物馆,Shanghai Auto Museum,4.7,4967,https://dimg04.c-ctrip.com/images/10090r000000hffju9A06_C_320_320.jpg
中国航海博物馆,China Maritime Museum,4.7,4756,https://dimg04.c-ctrip.com/images/100o0q000000gaboj9A75_C_320_320.jpg
上海辰山植物园,Chenshan Botanical Garden,4.7,4488,https://dimg04.c-ctrip.com/images/100k0z000000nnd294B27_C_320_320.jpg
东平国家森林公园,Dongping National Forest Park,4.5,4675,https://dimg04.c-ctrip.com/images/0106y1200095xa3v1AFCB_C_320_320.jpg
东方绿舟景区,Oriental Land,4.6,4210,https://dimg04.c-ctrip.com/images/1lo2p12000dr3346m6FC0_C_320_320.png
陆家嘴,Lujiazui,0.0,0,https://dimg04.c-ctrip.com/images/100n10000000of5vp7913_C_320_320.jpg
碧海金沙,Blue Sea Sand,4.4,3768,https://dimg04.c-ctrip.com/images/100g1f000001gqwyzBFCB_C_320_320.jpg
上海海湾国家森林公园,Shanghai Haiwan National Forest Park,4.4,3469,https://dimg04.c-ctrip.com/images/0102h12000fathns65549_C_320_320.jpg
黄浦江,Huangpu River,4.7,3000,https://dimg04.c-ctrip.com/images/10021f000001gxcdwB7C4_C_320_320.jpg
金茂大厦88层观光厅,Jinmao Tower Observation Deck,4.6,3057,https://dimg04.c-ctrip.com/images/0103312000855vz89ED31_C_320_320.jpg
朱家角古镇景区,Zhujiajiao Ancient Town,4.5,3092,https://dimg04.c-ctrip.com/images/0104a1200086ob7pyFA26_C_320_320.jpg
上海大观园,Shanghai Grand View Garden,4.6,3018,https://dimg04.c-ctrip.com/images/1lo7212000dpymylh0B47_C_320_320.jpg
上海大自然野生昆虫馆,Shanghai Natural Wild Insect Kingdom,4.4,2954,https://dimg04.c-ctrip.com/images/0101w120009ci3w0q4DF0_C_320_320.jpg
上海乐高探索中心,LEGOLAND Discovery Center,4.5,2828,https://dimg04.c-ctrip.com/images/0101s120008ptxurqFC6C_C_320_320.jpg
蓝精灵乐园-上海世茂精灵之城主题乐园,Dream City,4.5,2658,https://dimg04.c-ctrip.com/images/100o1f000001gp24t45D7_C_320_320.jpg
外滩观光隧道,Bund Sightseeing Tunnel,3.9,3003,https://dimg04.c-ctrip.com/images/100w0m000000dlzn45F4B_C_320_320.jpg
上海电影博物馆,Shanghai Film Museum,4.7,2487,https://dimg04.c-ctrip.com/images/0100n120009gifbh2A59F_C_320_320.jpg
上海共青森林公园,Shanghai Gongqing Forest Park,4.7,2312,https://dimg04.c-ctrip.com/images/1lo4n12000dkturut528C_C_320_320.jpg
田子坊,Tianzifang,4.5,2323,https://dimg04.c-ctrip.com/images/100e1f000001gt1ey32DA_C_320_320.jpg
上海大世界,Shanghai Great World,4.3,2055,https://dimg04.c-ctrip.com/images/35051a000001909h0E13D_C_320_320.jpg
上海城隍庙道观,The City Temple of Shanghai,4.6,1883,https://dimg04.c-ctrip.com/images/0106x12000fe389h1BD51_C_320_320.jpg
深坑秘境乐园-上海世茂精灵之城主题乐园,Wonderland Area,3.9,2133,https://dimg04.c-ctrip.com/images/350815000000y3krp45F1_C_320_320.jpg
花开海上生态园,Huakai Haishang Ecological Park,4.6,1773,https://dimg04.c-ctrip.com/images/01020120009x99nkn693F_C_320_320.jpg
东滩湿地公园,Dongtan Wetland Park,4.2,1931,https://dimg04.c-ctrip.com/images/100t1h000001hlkx4C8E7_C_320_320.jpg
安徒生童话乐园,Andersen Paradise,4.1,1955,https://dimg04.c-ctrip.com/images/0102812000a394t3uA3B2_C_320_320.jpg
外白渡桥,Garden Bridge,4.7,1700,https://dimg04.c-ctrip.com/images/100f1f000001gqbop5073_C_320_320.jpg
金山城市沙滩,Jinshan City Beach,4.3,1844,https://dimg04.c-ctrip.com/images/0102h120008if2v6dC637_C_320_320.jpg
新天地,Xintiandi,4.7,1565,https://dimg04.c-ctrip.com/images/100j11000000qb56w9951_C_320_320.jpg
上海千古情,Shanghai Romance Park,4.6,1595,https://dimg04.c-ctrip.com/images/1lo2w12000ecmbddr8152_C_320_320.jpg
上海奇迹花园,Pujiang Jiaoye Gongyuan Qiji Garden,4.4,1654,https://dimg04.c-ctrip.com/images/1lo5812000dhzo0k075C9_C_320_320.jpg
枫泾古镇,Fengjing Ancient Town,4.3,1611,https://dimg04.c-ctrip.com/images/10021f000001gxcsa66B7_C_320_320.jpg
上海玻璃博物馆,Shanghai Museum of Glass,4.3,1483,https://dimg04.c-ctrip.com/images/1lo2n12000c7r0ni34361_C_320_320.jpg
上海观复博物馆,Shanghai Guanfu Museum,4.7,1339,https://dimg04.c-ctrip.com/images/100g0c00000066x8z1DA7_C_320_320.jpg
都市观光巴士,City Sightseeing Tour Bus,4.2,1457,https://dimg04.c-ctrip.com/images/1lo5612000fmjjzz932B4_C_320_320.jpg
周浦花海,Zhoupu Sea of Flowers,4.3,1407,https://dimg04.c-ctrip.com/images/01045120009e3yp7f3982_C_320_320.jpg
“快乐船长”黄浦江游船,"""Happy Captain"" Huangpu River Dinner Cruise",4.3,1341,https://dimg04.c-ctrip.com/images/1lo0o12000c7koao94188_C_320_320.jpg
上海老街(人民路),Shanghai Old Street,4.7,1222,https://dimg04.c-ctrip.com/images/0103k120008c4lc665714_C_320_320.jpg
静安寺,Jingan Temple,4.6,1198,https://dimg04.c-ctrip.com/images/100b1f000001gsojgF8E4_C_320_320.jpg
古猗园,Guyi Garden,4.6,1178,https://dimg04.c-ctrip.com/images/100g1f000001gr0b880FB_C_320_320.jpg
浦东美术馆,Museum of Art Pudong,4.6,1114,https://dimg04.c-ctrip.com/images/01008120008tqhsplAAB5_C_320_320.jpg
浦江郊野公园,Pujiang Country Park,4.4,1115,https://dimg04.c-ctrip.com/images/0100612000f76nx0z27BD_C_320_320.jpg
七宝老街,Qibao Old Street,4.4,1059,https://dimg04.c-ctrip.com/images/10051f000001gstoc00B8_C_320_320.jpg
东林寺,Donglin Temple,4.7,981,https://dimg04.c-ctrip.com/images/1A0p1a0000018yzig2063_C_320_320.jpg
上海琉璃艺术博物馆,Liuli China Museum,4.5,965,https://dimg04.c-ctrip.com/images/350w1b000001aaixh271B_C_320_320.jpg
上海植物园,Shanghai Botanical Garden,4.5,953,https://dimg04.c-ctrip.com/images/1A0i1f000001gaghj3379_C_320_320.jpg
淮海路,Huaihai Road,4.6,917,https://dimg04.c-ctrip.com/images/10051f000001gsqet6A9C_C_320_320.jpg
西沙明珠湖景区,Xisha Mingzhu Lake Park,4.6,909,https://dimg04.c-ctrip.com/images/100u1f000001gq6ugBB02_C_320_320.jpg
泰晤士小镇,Thames Town,4.5,889,https://dimg04.c-ctrip.com/images/100c1f000001gsyucD378_C_320_320.jpg
SKY RING 屋顶摩天轮,SKY RING Roof Ferris Wheel,4.3,927,https://dimg04.c-ctrip.com/images/0105l120009xrg8sh7387_C_320_320.jpg
苏州河,Suzhou Creek,4.7,815,https://dimg04.c-ctrip.com/images/10051f000001gssqv8B10_C_320_320.jpg
外滩万国建筑博览群,Bund International Architecture Exhibition,4.8,791,https://dimg04.c-ctrip.com/images/fd/tg/g2/M07/8A/FB/Cghzf1Ww2y6AIG2mABTkcdef0e4223_C_320_320.jpg
中华艺术宫,China Art Museum,4.6,825,https://dimg04.c-ctrip.com/images/fd/tg/g1/M08/C8/F7/CghzflWww1GATHPPABnveZ3DOw0100_C_320_320.jpg
马勒别墅,Moller Villa,4.6,819,https://dimg04.c-ctrip.com/images/100j0r000000gp6kmCB9B_C_320_320.jpg
长风公园,Changfeng Park,4.6,803,https://dimg04.c-ctrip.com/images/fd/tg/g1/M00/54/94/CghzflSzY4OAK25tAEaRpcmN28c726_C_320_320.jpg
南翔古镇,Nanxiang Ancient Town,4.4,799,https://dimg04.c-ctrip.com/images/100t0q000000gbia09BB1_C_320_320.jpg
上海犹太难民纪念馆,Shanghai Jewish Refugees Museum,0.0,0,https://dimg04.c-ctrip.com/images/0104p120008cu2drw1517_C_320_320.jpg
鲁迅公园,Lu Xun Park,4.5,723,https://dimg04.c-ctrip.com/images/1me4j12000cncraip5CC8_C_320_320.jpg
徐家汇天主教堂,St. Ignatius Cathedral,4.5,685,https://dimg04.c-ctrip.com/images/100r1c000001ds3cpD2AF_C_320_320.jpg
震旦博物馆,Aurora Museum,4.7,638,https://dimg04.c-ctrip.com/images/0102x12000b95brei35D9_C_320_320.jpg
上海马戏城,Shanghai Circus World,4.6,649,https://dimg04.c-ctrip.com/images/0104f12000endt5ckCF86_C_320_320.jpg
上海外滩美术馆,Rockbund Art Museum,4.7,632,https://dimg04.c-ctrip.com/images/10091f000001gsnwn7FE0_C_320_320.jpg
1933老场坊,1933 Old Millfun,4.6,644,https://dimg04.c-ctrip.com/images/100s1f000001gx5dl1B24_C_320_320.jpg
上海邮政博物馆,Shanghai Postal Museum,4.7,629,https://dimg04.c-ctrip.com/images/100d0d0000006rjrpAFDF_C_320_320.jpg
武康路,Wukang Road,4.7,623,https://dimg04.c-ctrip.com/images/fd/tg/g1/M0A/62/01/CghzfVW4coKACZtBABZsADuV5Jw675_C_320_320.jpg
醉白池,Zuibaichi Park,4.6,611,https://dimg04.c-ctrip.com/images/0100m12000gb1k3ukEC01_C_320_320.jpg
时空缆车,Time Cable Car,4.5,619,https://dimg04.c-ctrip.com/images/01033120009bwuwg7D908_C_320_320.jpg
BUS TOUR 上海观光游,Shanghai Bus Tour,4.3,638,https://dimg04.c-ctrip.com/images/1lo2v12000bpbq8f893D0_C_320_320.jpg
世博会博物馆,World Expo Museum,4.6,596,https://dimg04.c-ctrip.com/images/100b1b000001aafcbAFBF_C_320_320.jpg
中国共产党第一次全国代表大会会址,The site of the first CPC National Congress,0.0,0,https://dimg04.c-ctrip.com/images/1lo0b12000bcucrzv7221_C_320_320.jpg
浦江游览,The Huangpu River Cruise,4.5,602,https://dimg04.c-ctrip.com/images/01062120008gr2i6h24AF_C_320_320.jpg
上海佘山国家森林公园,Sheshan National Forest Park,4.6,570,https://dimg04.c-ctrip.com/images/10091f000001gson937D3_C_320_320.jpg
思南公馆,Sinan Mansions,4.7,545,https://dimg04.c-ctrip.com/images/100f10000000osmdxA2DA_C_320_320.jpg
思南路,Sinan Road,4.7,532,https://dimg04.c-ctrip.com/images/fd/tg/g2/M02/6E/F2/CghzgVW4bcaAPwp6ACR8lvJGlOg865_C_320_320.jpg
汤连得温泉馆（118店）,Tangland Hot Spring (Putuo),4.6,531,https://dimg04.c-ctrip.com/images/350r1a0000019gl1p1D47_C_320_320.jpg
滴水湖,Dishui Lake,4.5,542,https://dimg04.c-ctrip.com/images/0104s120008aolm6q4AF9_C_320_320.jpg
东方明珠259米全透明悬空观光廊,Oriental Pearl Transparent Observatory,4.7,504,https://dimg04.c-ctrip.com/images/100i1f000001gp5389235_C_320_320.jpg
新场古镇,Xinchang Ancient Town,4.4,533,https://dimg04.c-ctrip.com/images/100f1d000001enruc9D7D_C_320_320.jpg
比斯特上海购物村,Shanghai Village,4.7,477,https://dimg04.c-ctrip.com/images/0101w12000fhlt1sd9363_C_320_320.jpg
武康大楼,Wukang Building,4.7,471,https://dimg04.c-ctrip.com/images/100l1f000001gqflzF98B_C_320_320.jpg
国家会展中心(上海),National Exhibition and Convention Center（Shanghai）,4.6,476,https://dimg04.c-ctrip.com/images/01042120008c4fhso6D60_C_320_320.jpg
上海世博园,Shanghai Expo Park,0.0,0,https://dimg04.c-ctrip.com/images/0104h1200083k5dpf2E7F_C_320_320.jpg
黄浦江游览（东方明珠码头）,Huangpu River Cruise(Oriental Pearl Tower Cruise Terminal),4.2,504,https://dimg04.c-ctrip.com/images/1lo5v12000cwpgg9s7A43_C_320_320.jpg
龙华寺,LongHua Si,4.6,448,https://dimg04.c-ctrip.com/images/fd/tg/g2/M05/8D/83/CghzgVWxBqmAJKzWAARZ0hCffQg055_C_320_320.jpg
上海市历史博物馆,Shanghai History Museum,0.0,0,https://dimg04.c-ctrip.com/images/1lo1x12000c4pj4y6F084_C_320_320.jpg
季高兔窝窝亲子园,JEGOPLAY TOO Family Park,4.4,467,https://dimg04.c-ctrip.com/images/100p1g000001hipfvB58F_C_320_320.jpg
“龙船”黄浦江游船,Huangpu River Dragon Boat Night Cruise,4.5,427,https://dimg04.c-ctrip.com/images/0105i120008ectz1512F7_C_320_320.jpg
上海城市历史发展陈列馆,Shanghai Urban History And Development Museum,0.0,0,https://dimg04.c-ctrip.com/images/100413000000tzg3u12C2_C_320_320.jpg
七个小矮人矿山车,Seven Dwarfs Mine Train,4.7,372,https://dimg04.c-ctrip.com/images/100s0t000000ivq3dF1C2_C_320_320.jpg
上海四行仓库抗战纪念馆,Shanghai Sihang Warehouse Battle Memorial,0.0,0,https://dimg04.c-ctrip.com/images/01073120008ibw1u3405F_C_320_320.jpg
1192弄老上海风情街(世纪汇广场店),1192 Nong Laoshanghai Fengqing Street,4.6,367,https://dimg04.c-ctrip.com/images/1A0g1c000001dzeln4C7E_C_320_320.jpg
上海宋庆龄故居纪念馆,Soong Ching Ling Memorial Residence In Shanghai,0.0,0,https://dimg04.c-ctrip.com/images/1A061g000001gyy2t7614_C_320_320.jpg
梅赛德斯-奔驰文化中心,Mercedes-Benz Arena,4.6,356,https://dimg04.c-ctrip.com/images/1002080000002yy224757_C_320_320.jpg
黄浦江游览（金陵东路码头）,The Huangpu River Cruise (Jinling East Road Pier),4.7,345,https://dimg04.c-ctrip.com/images/0103x120008ecwvp49082_C_320_320.jpg
《虎鲸传奇》,Killer Whale Science Popularization,4.7,343,https://dimg04.c-ctrip.com/images/100v1f000001h1b2w3A53_C_320_320.jpg
七宝古镇,Qibao Ancient Town,4.4,349,https://dimg04.c-ctrip.com/images/10060z000000njtcq4DF3_C_320_320.jpg
太阳岛旅游度假区,Sun Island,4.4,340,https://dimg04.c-ctrip.com/images/0101x120009v6y49xC00E_C_320_320.jpg
上海星空艺术馆,Shanghaixingkong Art Museum,4.2,341,https://dimg04.c-ctrip.com/images/01071120009dwsosfACA8_C_320_320.jpg
上海儿童博物馆,Shanghai Children's Museum,4.6,303,https://dimg04.c-ctrip.com/images/100i0c0000006om3uDA6D_C_320_320.jpg
上海当代艺术博物馆,Power Station of Art,4.5,299,https://dimg04.c-ctrip.com/images/0105d12000861aooj47B7_C_320_320.jpg
ERA-时空之旅,"""ERA Intersection of Time"" Performance",4.7,284,https://dimg04.c-ctrip.com/images/01025120008xrfrryD031_C_320_320.jpg
永康路,Yongkang Road,4.9,273,https://dimg04.c-ctrip.com/images/100k1f000001gui6v7146_C_320_320.jpg
【上海】《金字塔之巅：古埃及文明大展》展览,On Top of the Pyramid: The Civilization of Ancient Egypt,4.5,286,https://dimg04.c-ctrip.com/images/0102b12000eismru9FCA5_C_320_320.png
梦幻世界(上海迪士尼乐园店),Fantasyland,4.7,255,https://dimg04.c-ctrip.com/images/100a0j000000ayu44CDD7_C_320_320.jpg
小猪佩奇的玩趣世界,Xiaozhupeiqi De Wanqu World,4.3,217,https://dimg04.c-ctrip.com/images/350v1b000001bh4q7C0C5_C_320_320.jpg
远望1号,,4.7,190,https://dimg04.c-ctrip.com/images/0104f120008nw1rqn34C6_C_320_320.jpg
申城观光双层巴士,Shanghai Sightseeing Double-decker Bus,4.3,186,https://dimg04.c-ctrip.com/images/0104f120004ifyfgq809B_C_320_320.jpg
上海梵高星空艺术馆,Shanghai Fangao Xingkong Art Museum,4.1,188,https://dimg04.c-ctrip.com/images/1lo6812000ekmekly08A2_C_320_320.jpg
和平饭店博物馆,Jazz Bar at Fairmont Peace Hotel,4.7,161,https://dimg04.c-ctrip.com/images/0104d120008c4fho0D136_C_320_320.jpg
安福路,Anfu Road,4.7,154,https://dimg04.c-ctrip.com/images/1A091800000159evl2D51_C_320_320.jpg
《不眠之夜》,Sleep No More,4.6,151,https://dimg04.c-ctrip.com/images/100l10000000oseml5D7C_C_320_320.jpg
上海佛罗伦萨小镇,Florentia Village Shanghai,4.6,143,https://dimg04.c-ctrip.com/images/0101z12000a2ju8jj7D98_C_320_320.jpg
交通银行耀雪冰雪世界,Shanghai L+SNOW Indoor Skiing Theme Resort,4.2,156,https://dimg04.c-ctrip.com/images/1lo0b12000ey2b4ze19E1_C_320_320.jpg
【上海】何以敦煌上海艺术展,The Great Art of Dunhuang Exhibition,4.6,125,https://dimg04.c-ctrip.com/images/1lo5712000f0f7chhA1F7_C_320_320.jpg
上海世博展览馆,Shanghai World Expo Exhibition and Convention Center,4.5,127,https://dimg04.c-ctrip.com/images/0103312000bbdw3s3FC74_C_320_320.jpg
古镇泗泾,Sijing Ancient Town,4.1,132,https://dimg04.c-ctrip.com/images/0100u1200086y8mt00E33_C_320_320.jpg
广富林文化展示馆,Guangfulin Cultural Exhibition Hall,4.7,115,https://dimg04.c-ctrip.com/images/01015120008bwbntk40C3_C_320_320.jpg
大梦微城-上海国际汽车城微缩景观主题乐园,Dreamland Shanghai International Automobile City Miniature Land Theme Park,4.6,112,https://dimg04.c-ctrip.com/images/1lo3w12000fqryoa482E9_C_320_320.jpg
世博文化公园,World Expo Cultural Park,4.5,112,https://dimg04.c-ctrip.com/images/0103y120009dgze597966_C_320_320.jpg
上海蟠龙天地,Shanghai Panlong Tiandi,4.4,107,https://dimg04.c-ctrip.com/images/1me2j12000b2z3wwwD3CB_C_320_320.jpg
上海天文博物馆,Shanghai Astronomical Museum,4.6,94,https://dimg04.c-ctrip.com/images/fd/tg/g2/M07/60/F6/CghzgFSuJuCAApS9AAMbMKQ1UV4857_C_320_320.jpg
金茂大厦云中漫步,Jin Mao Tower Skywalk,4.6,94,https://dimg04.c-ctrip.com/images/0105a120007h24mtfD18D_C_320_320.jpg
“水晶公主”黄浦江游船,“Crystal Princess” Huangpu River Cruise,4.0,105,https://dimg04.c-ctrip.com/images/0104a120008ecumcj4049_C_320_320.jpg
上海温室花园,Shanghai Greenhouse Garden,4.7,86,https://dimg04.c-ctrip.com/images/1lo3m12000ffjnni2028A_C_320_320.jpg
南京西路,West Nanjing Road,4.6,87,https://dimg04.c-ctrip.com/images/1A0l14000000w0741CE47_C_320_320.jpg
超级时空魔方(上海元宇宙体验馆),Space & Time Cube,3.7,106,https://dimg04.c-ctrip.com/images/01A4812000b5rfkizAFC9_C_320_320.jpg
水裹·汤泉生活,Shuiguo - Hot Spring,4.4,73,https://dimg04.c-ctrip.com/images/01072120008u51g2sFE3D_C_320_320.jpg
韩国街,Hanguo Street,4.5,71,https://dimg04.c-ctrip.com/images/0102b1200002cbotoE6A7_C_320_320.jpg
奈尔宝儿童科技馆(上海店),Neobio Children's Museum(Shanghai）,4.4,71,https://dimg04.c-ctrip.com/images/0105z12000a8ymoliF6AA_C_320_320.jpg
351米太空舱,351m Space Capsule,4.6,54,https://dimg04.c-ctrip.com/images/01064120005zur6b6B8E1_C_320_320.jpg
飞越上海(第一百货店),,4.8,50,https://dimg04.c-ctrip.com/images/1lo5212000c4pjwzm2B13_C_320_320.jpg
迪士尼·皮克斯玩具总动员,Disney Pixar Toy Story,4.6,49,https://dimg04.c-ctrip.com/images/100w0t000000iuz049180_C_320_320.jpg
上海博物馆(东馆),Shanghai Museum East Museum,4.6,48,https://dimg04.c-ctrip.com/images/0104m12000cb2zk968876_C_320_320.jpg
徐家汇书院,Zikawei Library,4.8,43,https://dimg04.c-ctrip.com/images/0106f12000f29wglyE4F7_C_320_320.jpg
枫叶岛,Maple Island,4.2,43,https://dimg04.c-ctrip.com/images/10090e00000077u2l56E8_C_320_320.jpg
Paradox Museum 悖论博物馆,Paradox Museum Shanghai,4.5,30,https://dimg04.c-ctrip.com/images/1lo3k12000fqx1p8dD50A_C_320_320.png
疯狂动物城,Zootopia,4.7,29,https://dimg04.c-ctrip.com/images/1lo6312000dmg35udA7C8_C_320_320.png
川沙古镇,Chuansha Ancient Town,4.1,32,https://dimg04.c-ctrip.com/images/0103n1200094130tcCFCF_C_320_320.jpg
双子山,Twin Mountains,4.7,26,https://dimg04.c-ctrip.com/images/0104s12000fhfizdn026B_C_320_320.jpg
上海上引+,,4.6,21,https://dimg04.c-ctrip.com/images/1lo2712000baed3etB5EF_C_320_320.png
白公馆,Former Residence of Bai Chongxi,4.5,19,https://dimg04.c-ctrip.com/images/0100r12000az4jphi85F5_C_320_320.jpg
广富林水下博物馆,Guangfulin Underwater Museum,4.7,18,https://dimg04.c-ctrip.com/images/0100g120009aql1b95272_C_320_320.jpg
「上海首展」中国国家地理·探索 极致发现科学艺术影像展,Chinese National Geography Explore exhibition (Shanghai),5.0,15,https://dimg04.c-ctrip.com/images/1me2p12000fm7laxd4F03_C_320_320.jpg
海上花岛玫瑰汤泉,Sea Flower Island Rose Tangquan,4.4,14,https://dimg04.c-ctrip.com/images/0100y120008ifmo3qD7B1_C_320_320.jpg
朵云书院·旗舰店,Duoyun Academy Flagship Store,4.4,12,https://dimg04.c-ctrip.com/images/0102j12000b8msfki9A17_C_320_320.jpg
【上海】《大英图书馆·世界像素》展览,,4.9,10,https://dimg04.c-ctrip.com/images/1me1512000elt4jqsB505_C_320_320.jpg
漾·SPACE汤泉生活,Young·SPACE Hot Spring Hall,4.4,11,https://dimg04.c-ctrip.com/images/0101j12000bal447pCD7A_C_320_320.jpg
【上海】消失的法老—胡夫金字塔沉浸式探索体验展,,4.4,10,https://dimg04.c-ctrip.com/images/1lo3s12000cgi5h3057AE_C_320_320.jpg
上海佘山国家旅游度假区,Shanghai Sheshan National Tourism Resort,4.4,7,https://dimg04.c-ctrip.com/images/10010z000000nx0krD720_C_320_320.jpg
上海野生动物园-车入区,Roadway,4.5,6,https://dimg04.c-ctrip.com/images/0101y12000a2ysdhf5F4F_C_320_320.jpg
寒山寺,Shanghai Chongming Hanshan Temple,4.2,5,https://dimg04.c-ctrip.com/images/0104a120009ddfp9bE56C_C_320_320.jpg
【上海】中国国际进口博览会,,4.8,4,https://dimg04.c-ctrip.com/images/0106912000citwbchFBE3_C_320_320.jpg
【上海】《Case Lab元世界——福尔摩斯》大型沉浸式主题展,,5.0,2,https://dimg04.c-ctrip.com/images/0105m12000enramuk8590_C_320_320.png
国家会展中心(上海)虹馆EH,Hong Arena,4.0,2,https://dimg04.c-ctrip.com/images/10021h000001hvchu07E1_C_320_320.jpg
【上海】2024张韶涵世界巡回演唱会-上海站,,5.0,1,https://dimg04.c-ctrip.com/images/0100312000g93kzo4F803_C_320_320.jpg
2024上海马拉松,SHANGHAI MARATHON,5.0,1,https://dimg04.c-ctrip.com/images/0105w12000g3m7f195CCA_C_320_320.jpg
【上海】2024年 milet 亚洲巡演（上海站）milet Asia Tour 2024 in SHANGHAI,【Shanghai】milet Tour,5.0,1,https://dimg04.c-ctrip.com/images/0102y12000g6dneq53D7B_C_320_320.jpg
拙政园,Humble Administrator's Garden (Zhuozheng Garden),4.6,60482,https://dimg04.c-ctrip.com/images/1lo3e12000ddck8bw7DB2_C_320_320.jpg
南京总统府,Nanjing Presidential Palace,0.0,0,https://dimg04.c-ctrip.com/images/1A0b15000000y90y97885_C_320_320.jpg
瘦西湖,Slender West Lake,4.7,45511,https://dimg04.c-ctrip.com/images/100812000000s2yr02C68_C_320_320.jpg
中华恐龙园,Dinosaur Land,4.5,45806,https://dimg04.c-ctrip.com/images/0103l12000818fbdb2891_C_320_320.jpg
灵山大佛,Lingshan Giant Buddha,4.8,28640,https://dimg04.c-ctrip.com/images/1lo2312000e01f4v6ECAB_C_320_320.jpg
鼋头渚,Tai Hu Yuantouzhu Scenic Spot,4.5,29838,https://dimg04.c-ctrip.com/images/100l0q000000gbm9mB7D4_C_320_320.jpg
西湖风景名胜区,The West Lake,4.7,28426,https://dimg04.c-ctrip.com/images/100v0h00000091vol6690_C_320_320.jpg
普陀山风景区,Putuo Mountain scenic area,4.7,27396,https://dimg04.c-ctrip.com/images/0104v120009h0hajy99BF_C_320_320.jpg
杭州宋城,Hangzhou Songcheng Park,4.6,26810,https://dimg04.c-ctrip.com/images/10091b000001aah4b32B1_C_320_320.jpg
横店影视城,Hengdian World Studios,4.7,24771,https://dimg04.c-ctrip.com/images/1lo5y12000f9mr46tCDE0_C_320_320.jpg
拈花湾,Ling Shan Nian Hua Wan,4.6,24882,https://dimg04.c-ctrip.com/images/1lo5d12000cl5kz4m248A_C_320_320.jpg
虎丘山风景名胜区,Tiger Hill(Huqiu),4.6,23551,https://dimg04.c-ctrip.com/images/1lo4i12000fq5vvm3885B_C_320_320.jpg
乌镇,Wuzhen Water Town,4.6,20763,https://dimg04.c-ctrip.com/images/10060u000000j1l3730A9_C_320_320.jpg
莫干山风景名胜区,Moganshan National Park,4.6,20170,https://dimg04.c-ctrip.com/images/1lo3s12000c8ofdpuEC8D_C_320_320.jpg
牛首山文化旅游区,Niushou Mountain,4.7,19110,https://dimg04.c-ctrip.com/images/10091f000001gsqkfCFBE_C_320_320.jpg
中山陵景区,Dr.Sun Yat-Sen's Mausoleum Scenic Spot,0.0,0,https://dimg04.c-ctrip.com/images/100h11000000ripuy3B79_C_320_320.jpg
灵隐寺,Lingyin Temple,4.7,17593,https://dimg04.c-ctrip.com/images/10090n000000e2tjiAAF1_C_320_320.jpg
西溪国家湿地公园,Xixi National Wetland Park,4.5,18251,https://dimg04.c-ctrip.com/images/1lo4112000fwk8cgs653F_C_320_320.jpg
狮子林,Lion Grove Garden(Shizilin Garden),4.7,17239,https://dimg04.c-ctrip.com/images/1lo2w12000ddcktyh12ED_C_320_320.jpg
寒山寺,Hanshan Temple,4.6,16397,https://dimg04.c-ctrip.com/images/100d1b000001bzei8B813_C_320_320.jpg
周庄,Zhouzhuang,4.5,15896,https://dimg04.c-ctrip.com/images/100h12000000s15vx23C0_C_320_320.jpg
淹城野生动物世界,Yancheng Safari Park,4.5,15420,https://dimg04.c-ctrip.com/images/100t0q000000gc3j28886_C_320_320.jpg
南山竹海,Nanshan Bamboo Sea,4.6,14679,https://dimg04.c-ctrip.com/images/100u0q000000gbd93AA48_C_320_320.jpg
西湖游船,West Lake Pleasure Boat,4.5,14991,https://dimg04.c-ctrip.com/images/01013120008rjtpmwEA87_C_320_320.jpg
明孝陵,The Ming Tomb Scenic Area,4.6,14218,https://dimg04.c-ctrip.com/images/0105912000921jsyrA6D3_C_320_320.jpg
夫子庙,Nanjing Confucius Temple,4.5,14485,https://dimg04.c-ctrip.com/images/100i0g0000008np7xBB99_C_320_320.jpg
灵隐飞来峰景区,Lingyin Feilai Peak Scenic Area,4.6,13398,https://dimg04.c-ctrip.com/images/010571200099w8qg652D8_C_320_320.jpg
南浔古镇,Nanxun Ancient Town,4.6,13346,https://dimg04.c-ctrip.com/images/01066120008f4zmc64950_C_320_320.jpg
绍兴柯岩风景区,Shaoxing Keyan Scenic Area,4.6,12094,https://dimg04.c-ctrip.com/images/3506180000015gwrkF95C_C_320_320.jpg
红山森林动物园,Nanjing Hongshan Forest Zoo,4.6,11902,https://dimg04.c-ctrip.com/images/100k1f000001guhanBFBA_C_320_320.jpg
西栅,West Scenic Zone,4.6,11896,https://dimg04.c-ctrip.com/images/100c1f000001gsxcq27C5_C_320_320.jpg
同里古镇,Tongli Town,4.5,11621,https://dimg04.c-ctrip.com/images/010281200086x1oqt2AF1_C_320_320.jpg
留园,Lingering Garden(Liuyuan Garden),4.7,11120,https://dimg04.c-ctrip.com/images/1lo6b12000ddclf7yB086_C_320_320.jpg
个园,Geyuan Garden,4.7,10665,https://dimg04.c-ctrip.com/images/1A0bhk143a912tpw1B365_C_320_320.jpg
杭州Hello Kitty乐园,Hello Kitty Park,4.4,10117,https://dimg04.c-ctrip.com/images/100b1g000001h608nDDEF_C_320_320.jpg
西塘风景区,Xitang,4.5,9160,https://dimg04.c-ctrip.com/images/100h0u000000iziz2069B_C_320_320.jpg
OMG心跳乐园,OMG Heartbeat Paradise,4.7,8164,https://dimg04.c-ctrip.com/images/1lo5w12000du4bdqaB01B_C_320_320.png
神仙居,Shenxianju,4.6,7874,https://dimg04.c-ctrip.com/images/01071120009nhes3945E3_C_320_320.jpg
千岛湖中心湖区,Qiandao Lake Scenic Area (Central Lake Area),4.3,8285,https://dimg04.c-ctrip.com/images/100i1g000001h8r44FAA1_C_320_320.jpg
天一阁博物院,Tian Yi Ge Museum,4.7,7322,https://dimg04.c-ctrip.com/images/01005120005rgt7rs7975_C_320_320.jpg
大报恩寺遗址景区,Grand Baoen Temple Heritage and Scenic Area,4.7,7229,https://dimg04.c-ctrip.com/images/1lo3v12000c9l4u4pF9BB_C_320_320.jpg
钟山风景名胜区,Zhongshan Mountain National Park,4.6,7285,https://dimg04.c-ctrip.com/images/010381200087eer63C010_C_320_320.jpg
何园,He Garden Yangzhou China,4.7,6974,https://dimg04.c-ctrip.com/images/100k12000000s6yfzE6E6_C_320_320.jpg
雷峰塔,Leifeng Tower,4.5,7266,https://dimg04.c-ctrip.com/images/100v0x000000lrchnB808_C_320_320.jpg
杭州野生动物世界,Hangzhou Safari Park,4.6,7069,https://dimg04.c-ctrip.com/images/0104h12000836qc8a33B0_C_320_320.jpg
秦淮河画舫,Qinhuai River Boat Tour,4.6,6294,https://dimg04.c-ctrip.com/images/100s0g00000086s9zD645_C_320_320.jpg
夫子庙秦淮风光带,Confucius Temple-The Qinhuai River Scenic Belt,4.7,6023,https://dimg04.c-ctrip.com/images/100g1f000001gqya4D90B_C_320_320.jpg
印象西湖《最忆是杭州》演出,Enduring Memories of Hangzhou,4.3,6116,https://dimg04.c-ctrip.com/images/0106f120008jb895v5575_C_320_320.jpg
大明寺,Daming Temple,4.5,5621,https://dimg04.c-ctrip.com/images/0107412000fi6aq2i1899_C_320_320.jpg
鲁迅故里景区,Lu Xun's Hometown Scenic Spot,4.6,5480,https://dimg04.c-ctrip.com/images/0100g1200087egcgsEA9E_C_320_320.jpg
太平天国历史博物馆(瞻园),The Historical Museum of The Taiping Heavenly Kingdom,4.6,5405,https://dimg04.c-ctrip.com/images/100b1f000001gsmbwC70E_C_320_320.jpg
天平山,Tianping Hill,4.6,5321,https://dimg04.c-ctrip.com/images/1lo1612000ddcngkc041E_C_320_320.jpg
金山,Jin Shan,4.6,5135,https://dimg04.c-ctrip.com/images/fd/tg/g2/M00/8A/D7/Cghzf1Ww2RyAU7HOABCQqlMLIE8785_C_320_320.jpg
大奇山国家森林公园,Daqishan Scenic Spot,4.4,5214,https://dimg04.c-ctrip.com/images/100c0w000000kaxvaFECE_C_320_320.jpg
敦煌当代美术馆,Dunhuang Contemporary Art Museum,0.0,0,https://dimg04.c-ctrip.com/images/1lo1012000g30kms0AE7B_C_320_320.png
【上海】2024年 梶浦由记 亚洲巡演-上海站 Yuki Kajiura LIVE vol.#20,Yuki Kajiura LIVE vol.#20 “Asia Tour 20th Special SETLIST”,0.0,0,https://dimg04.c-ctrip.com/images/0102u12000g3bxt4nFDAE_C_320_320.jpg
【上海】五月天2024《回到那一天》25周年巡回演唱会,Mayday <Back to That Day> 25th Anniversary Tour Concert,0.0,0,https://dimg04.c-ctrip.com/images/0106512000bvkxkqwD63A_C_320_320.png
【上海】世界经典原版音乐剧《猫》CATS-上海站,,0.0,0,https://dimg04.c-ctrip.com/images/0105x12000fmhzc0f2A31_C_320_320.jpg
【上海】泽野弘之2024上海演唱会 SawanoHiroyuki LIVE [nZk] in Shanghai 2024,,0.0,0,https://dimg04.c-ctrip.com/images/0102k12000gens69j5260_C_320_320.jpg
【上海】伍佰 and China Blue 《成功之路》摇滚歌剧,,0.0,0,https://dimg04.c-ctrip.com/images/0106f12000g39mv283778_C_320_320.jpg
【上海】周华健2024《少年侠客》世界巡回演唱会,Wakin Chau 2024 World Tour,0.0,0,https://dimg04.c-ctrip.com/images/0100v12000f76alt1BEF9_C_320_320.png
【上海】杨丞琳“LIKE A STAR”世界巡回演唱会,,0.0,0,https://dimg04.c-ctrip.com/images/0102v12000d4uyox897A8_C_320_320.jpg
【上海】王心凌《SUGAR HIGH 2.0》巡回演唱会,,0.0,0,https://dimg04.c-ctrip.com/images/0103i12000gkh1mt66334_C_320_320.png
【上海】SpicyComedy·Norah/油百万/Frankie领衔｜普通话/沪语/英文脱口秀,,0.0,0,https://dimg04.c-ctrip.com/images/0102i12000et5j2q8D519_C_320_320.jpg
【上海】姜育恒2024 “人生的路”Journey Of Life演唱会-上海站,【Shanghai】Johnny Concert,0.0,0,https://dimg04.c-ctrip.com/images/0101q12000fw1wrxx8E81_C_320_320.jpg
【上海】爱乐汇《天空之城》久石让&宫崎骏动漫经典音乐作品演奏会,,0.0,0,https://dimg04.c-ctrip.com/images/01A5n12000bvmotav6D96_C_320_320.png
【上海】舞蹈诗剧《只此青绿》——舞绘《千里江山图》,,0.0,0,https://dimg04.c-ctrip.com/images/0101o12000eyn6pyxD996_C_320_320.png
【上海】“起来2.0” 杜德伟世界巡回演唱会上海站,【Shanghai】Alex To World Tour,0.0,0,https://dimg04.c-ctrip.com/images/0102r12000gcw5yz7BBE8_C_320_320.jpg
金山寺,Jinshan Temple,4.6,4397,https://dimg04.c-ctrip.com/images/0100p12000f7unsif5B83_C_320_320.jpg
栖霞山,Qixia Mountain Scenic Area,4.6,4345,https://dimg04.c-ctrip.com/images/100p12000000swwsy73D8_C_320_320.jpg
阅江楼,Yuejiang Tower,4.7,4124,https://dimg04.c-ctrip.com/images/10010y000000m5mfiB232_C_320_320.jpg
苏州博物馆,Suzhou Museum,4.7,3806,https://dimg04.c-ctrip.com/images/100c1d000001es1sz54B7_C_320_320.jpg
灵山胜境,Lingshan Buddhist Scenic Spot,4.7,3702,https://dimg04.c-ctrip.com/images/1lo2n12000e01ep1aFFC1_C_320_320.jpg
山塘街,Shantang Street,4.5,3787,https://dimg04.c-ctrip.com/images/100q11000000r35vbA4A6_C_320_320.jpg
美龄宫,Meiling Palace,0.0,0,https://dimg04.c-ctrip.com/images/10070y000000m9aewFD82_C_320_320.jpg
苏州古运河,Suzhou Ancient Canal,4.6,3382,https://dimg04.c-ctrip.com/images/01011120008c30w6xE1E5_C_320_320.jpg
六朝博物馆,The Oriental Metropolitan Museum,4.6,3318,https://dimg04.c-ctrip.com/images/100n1f000001gpdkw47F3_C_320_320.jpg
采石矶,Caishiji,4.5,3140,https://dimg04.c-ctrip.com/images/0102i120008lvw9xx9BA5_C_320_320.jpg
北固山,Beigushan Hill Scenic Spot,4.7,3005,https://dimg04.c-ctrip.com/images/0100l12000ffd0bwq4410_C_320_320.jpg
沈园,Shen's Garden,4.5,2932,https://dimg04.c-ctrip.com/images/01A0i120008vhir7g0D4F_C_320_320.jpg
岳王庙景区,Yuewangmiao,4.7,2717,https://dimg04.c-ctrip.com/images/1A0l13000000ufb1z647B_C_320_320.jpg
东湖,East Lake,4.5,2753,https://dimg04.c-ctrip.com/images/0102i120008fb1nlq127C_C_320_320.jpg
台州府城文化旅游区,The Culture Tourism Area of The Ancient City of Taizhou,4.6,2623,https://dimg04.c-ctrip.com/images/10031f000001gs1jqDD7D_C_320_320.jpg
新昌大佛寺景区,Dafosi Scenic Area,4.6,2582,https://dimg04.c-ctrip.com/images/0106o1200088kppgj958B_C_320_320.jpg
朱家尖大青山景区,Daqingshan National Park,4.5,2571,https://dimg04.c-ctrip.com/images/10071f000001h6wpm1C99_C_320_320.jpg
朱家尖南沙景区,Nansha,4.3,2662,https://dimg04.c-ctrip.com/images/1A0516000000zxg0t2326_C_320_320.jpg
扬州古运河,The Grand Canal,4.5,2311,https://dimg04.c-ctrip.com/images/100o1f000001gp49bF65B_C_320_320.jpg
沧浪亭,Surging Waves Pavilion(Canglang Pavilion),4.7,2208,https://dimg04.c-ctrip.com/images/0103212000f9vffuvAC0D_C_320_320.jpg
惠山古镇,Huishan Ancient Town,4.5,2287,https://dimg04.c-ctrip.com/images/1A0613000000v4j8jA7FA_C_320_320.jpg
兰亭景区,The Orchid Pavilion,4.6,1923,https://dimg04.c-ctrip.com/images/100k1f000001gui3g361D_C_320_320.jpg
蒋氏故居,Jiang (Family of Chiang Kai-shek) Hometown Scenic Area,4.4,1972,https://dimg04.c-ctrip.com/images/100q0q000000gdbl358B2_C_320_320.jpg
朱家尖观音法界,Zhujiajian Guanyin Fajie,4.8,1716,https://dimg04.c-ctrip.com/images/0100m120009b1ztzb8452_C_320_320.jpg
太湖龙之梦乐园,Taihu Lake Longemont Paradise,4.4,1749,https://dimg04.c-ctrip.com/images/0101y120001iyf2wrD7F5_C_320_320.png
海宁盐官旅游度假区,Yanguan Scenic Spots,4.3,1558,https://dimg04.c-ctrip.com/images/10090r000000hfg5w78E1_C_320_320.jpg
南京城墙,Nanjing City Wall,4.6,1259,https://dimg04.c-ctrip.com/images/100112000000t37vm44F8_C_320_320.jpg
钱塘江夜游,Qiantang River Night Cruise,4.3,1325,https://dimg04.c-ctrip.com/images/100u0x000000l26s5256C_C_320_320.jpg
汉广陵王墓博物馆,Museum of Han Guangling King,4.6,1219,https://dimg04.c-ctrip.com/images/10051f000001gsrn6464C_C_320_320.jpg
东沙,Dongsha,4.4,830,https://dimg04.c-ctrip.com/images/01047120008h3t6wx8E57_C_320_320.jpg
天子地梦幻乐园,Tianzi Di Fantasy Park,4.5,787,https://dimg04.c-ctrip.com/images/1lo5012000dd0gcyu6021_C_320_320.png
沙溪古镇,Shaxi Ancient Town,4.4,609,https://dimg04.c-ctrip.com/images/010311200086v78gtB812_C_320_320.jpg
南塘老街,Nantang Street,4.5,566,https://dimg04.c-ctrip.com/images/0106a12000f0skfjxD85D_C_320_320.jpg
梁祝景区,Liangzhu Cultural Park,4.3,448,https://dimg04.c-ctrip.com/images/0100v12000acovhw5593F_C_320_320.jpg
河姆渡遗址博物馆,Hemudu Site Museum,0.0,0,https://dimg04.c-ctrip.com/images/10011f000001h37m054B1_C_320_320.jpg
朱家尖白山景区,Zhujiajian White Mountain Scenic Area,4.6,257,https://dimg04.c-ctrip.com/images/0104912000b95k4zwC5A8_C_320_320.jpg
高淳老街,Gaochun Old Street,4.4,261,https://dimg04.c-ctrip.com/images/100u0z000000nwbpk9F1F_C_320_320.jpg
无锡博物院,Wuxi Museum,4.5,146,https://dimg04.c-ctrip.com/images/0102d120008ifoxduC7A6_C_320_320.jpg
王阳明故居,Former Residence of Wangyangming,0.0,0,https://dimg04.c-ctrip.com/images/0106t120008s7hti0AF0B_C_320_320.jpg
窑湖小镇,Yao Hu Town,4.1,115,https://dimg04.c-ctrip.com/images/1lo1b12000etewd3q5D29_C_320_320.jpg
